ID,Genotype
id0001,wt/wt
id0002,mut/mut
id0003,wt/mut
id0004,wt/mut
id0005,wt/mut
id0006,wt/mut
id0007,wt/wt
id0008,mut/mut
id0009,mut/mut
id0010,mut/mut
id0011,wt/mut
id0012,mut/mut
id0013,wt/wt
id0014,wt/mut
id0015,wt/mut
id0016,mut/mut
id0017,wt/mut
id0018,mut/mut
id0019,wt/mut
id0020,wt/mut
id0021,wt/mut
id0022,mut/mut
id0023,mut/mut
id0024,wt/mut
id0025,wt/wt
id0026,wt/wt
id0027,wt/mut
id0028,wt/wt
id0029,wt/wt
id0030,wt/wt
id0031,wt/mut
id0032,wt/wt
id0033,wt/wt
id0034,wt/wt
id0035,wt/wt
id0036,wt/mut
id0037,mut/mut
id0038,wt/wt
id0039,wt/wt
id0040,wt/wt
id0041,wt/wt
id0042,wt/mut
id0043,mut/mut
id0044,mut/mut
id0045,wt/wt
id0046,wt/mut
id0047,wt/mut
id0048,wt/mut
id0049,wt/mut
id0050,wt/mut
id0051,wt/wt
id0052,mut/mut
id0053,wt/wt
id0054,wt/wt
id0055,wt/mut
id0056,mut/mut
id0057,mut/mut
id0058,wt/wt
id0059,wt/wt
id0060,wt/mut
id0061,wt/mut
id0062,wt/mut
id0063,wt/mut
id0064,mut/mut
id0065,mut/mut
id0066,wt/mut
id0067,mut/mut
id0068,wt/mut
id0069,wt/mut
id0070,wt/mut
id0071,wt/mut
id0072,wt/mut
id0073,wt/mut
id0074,mut/mut
id0075,wt/mut
id0076,wt/wt
id0077,wt/mut
id0078,mut/mut
id0079,wt/mut
id0080,wt/mut
id0081,wt/mut
id0082,wt/mut
id0083,wt/wt
id0084,wt/mut
id0085,mut/mut
id0086,wt/mut
id0087,mut/mut
id0088,mut/mut
id0089,wt/mut
id0090,wt/wt
id0091,mut/mut
id0092,wt/wt
id0093,mut/mut
id0094,wt/wt
id0095,mut/mut
id0096,wt/mut
id0097,wt/wt
id0098,mut/mut
id0099,wt/mut
id0100,wt/wt
id0101,wt/wt
id0102,wt/wt
id0103,mut/mut
id0104,mut/mut
id0105,wt/wt
id0106,wt/mut
id0107,mut/mut
id0108,wt/mut
id0109,mut/mut
id0110,wt/mut
id0111,wt/wt
id0112,wt/mut
id0113,wt/mut
id0114,wt/wt
id0115,wt/mut
id0116,mut/mut
id0117,wt/mut
id0118,wt/wt
id0119,wt/mut
id0120,mut/mut
id0121,wt/mut
id0122,wt/mut
id0123,wt/wt
id0124,wt/mut
id0125,wt/mut
id0126,wt/mut
id0127,mut/mut
id0128,wt/mut
id0129,mut/mut
id0130,mut/mut
id0131,wt/mut
id0132,wt/mut
id0133,wt/mut
id0134,wt/mut
id0135,wt/mut
id0136,mut/mut
id0137,wt/wt
id0138,wt/mut
id0139,wt/mut
id0140,wt/mut
id0141,wt/mut
id0142,wt/mut
id0143,mut/mut
id0144,wt/mut
id0145,mut/mut
id0146,wt/mut
id0147,wt/wt
id0148,mut/mut
id0149,wt/mut
id0150,wt/wt
id0151,mut/mut
id0152,mut/mut
id0153,wt/wt
id0154,wt/mut
